id,first_name,last_name,price,flycode,typePassenger,statusFlight
1,Davita,Britto,17220.66,WI9557O,EconomyClass,EN VUELO
2,Colby,Kubelka,6015.47,DL3089R,ExecutiveClass,EN HORARIO
3,Nadeen,Wellbelove,57574.41,WC0994Y,ExecutiveClass,ATERRIZADO
4,Con,Scopyn,68767.59,FQ0129R,EconomyClass,EN VUELO
5,Zsa zsa,Pascall,14390.09,ZT1131E,ExecutiveClass,ATERRIZADO
6,Alicea,Jermyn,38989.01,XH7650N,EconomyClass,ATERRIZADO
7,Lindy,Kingscott,52545.29,JE7159K,ExecutiveClass,EN HORARIO
8,Arlina,Claye,98492.32,HT8473F,EconomyClass,DEMORADO
9,Edna,Cheng,88285.43,XC9988W,ExecutiveClass,DEMORADO
10,Janith,Cherry,72231.82,ZC1651L,FirstClass,DEMORADO
11,Gallard,Geertje,14868.72,ZZ6809R,FirstClass,EN VUELO
12,Delano,Gueny,35664.55,PI9937B,FirstClass,EN HORARIO
13,Lilian,Ansett,41897.39,HB1761Z,FirstClass,EN HORARIO
14,Turner,Troubridge,66492.85,OY3340B,ExecutiveClass,EN HORARIO
15,Nonie,MattiCCI,96991.31,NH6694S,FirstClass,DEMORADO
16,Whitby,Jesse,30642.26,DP0477W,FirstClass,DEMORADO
17,Ede,Kenrat,39655.37,GH7936B,EconomyClass,DEMORADO
18,Stephine,Iliff,81139.01,FJ5504C,ExecutiveClass,EN VUELO
19,Elvina,Kydde,20439.39,AK4805M,ExecutiveClass,DEMORADO
20,Reggie,Brogini,83568.99,PO2304E,FirstClass,EN HORARIO
21,Chantalle,Raspel,81676.09,ZE7276I,FirstClass,EN HORARIO
22,Karin,Yele,33192.6,EG6689Y,ExecutiveClass,EN VUELO
23,Karen,Ditter,25662.58,CS3686L,EconomyClass,DEMORADO
24,Ryley,Jewitt,25892.52,LW3773I,ExecutiveClass,DEMORADO
25,Dorthy,Thacker,72125.81,KH8313G,EconomyClass,DEMORADO
26,Justino,Wallbridge,84037.78,DP9728X,FirstClass,DEMORADO
27,Patric,McInnery,71406.65,ZR7860I,FirstClass,DEMORADO
28,Brice,Rowsel,5759.68,UQ1697P,EconomyClass,ATERRIZADO
29,Niall,Sappson,92086.28,DZ0737V,ExecutiveClass,EN HORARIO
30,Jessalin,Bocken,81672.53,IN1945X,EconomyClass,EN VUELO
31,Lynde,Durnin,57894.17,ZU5281A,FirstClass,DEMORADO
32,Philippine,Flahy,5146.66,NW3297T,ExecutiveClass,ATERRIZADO
33,Karel,MacPhee,6750.98,JE9980S,FirstClass,EN VUELO
34,Chrisse,Casari,17826.27,YB5676K,FirstClass,EN VUELO
35,Jack,Kerins,40913.8,KK7743M,ExecutiveClass,EN HORARIO
36,Gustave,Bellon,9502.68,QL7955V,FirstClass,DEMORADO
37,Emerson,Matitiaho,53864.26,NG5233V,ExecutiveClass,DEMORADO
38,Teirtza,Ivshin,14368.72,AU4624K,ExecutiveClass,EN VUELO
39,Mady,Djekovic,17280.49,LU7724G,ExecutiveClass,ATERRIZADO
40,Arny,Ewing,41129.22,FM2849V,FirstClass,EN VUELO
41,Leigh,Deaton,8624.09,CT0467H,FirstClass,ATERRIZADO
42,Reider,Maylor,31220.0,KW0374M,EconomyClass,EN HORARIO
43,Eunice,Cortese,32917.38,VK2612Y,ExecutiveClass,DEMORADO
44,Kerwinn,Schenkel,22775.62,XO4228M,EconomyClass,EN HORARIO
45,Bank,Broderick,18112.45,TZ8897M,EconomyClass,EN VUELO
46,Barnie,Sweynson,89467.0,BA7911Y,ExecutiveClass,DEMORADO
47,Aron,Rayman,81269.76,OQ6167Q,FirstClass,DEMORADO
48,Krishnah,Windrum,39180.63,US5596N,ExecutiveClass,DEMORADO
49,Dody,Rimer,41676.7,HC1049Y,FirstClass,EN VUELO
50,Allys,Lannon,67437.5,YO9269Z,ExecutiveClass,DEMORADO
51,Lacee,Wanden,27970.52,AQ5728A,EconomyClass,EN HORARIO
52,Conrad,Size,63911.87,QM2331F,ExecutiveClass,DEMORADO
53,Regan,Vlach,90953.21,HI6879T,ExecutiveClass,EN VUELO
54,Orrin,Pibsworth,39203.65,HS6277D,ExecutiveClass,EN HORARIO
55,Lilyan,Maier,95195.42,BD1459U,FirstClass,EN VUELO
56,Ev,Billiard,94054.86,EY5695N,ExecutiveClass,EN VUELO
57,Adelina,Urrey,58111.32,UW0819Z,EconomyClass,DEMORADO
58,Frannie,Marflitt,45174.06,OI5985A,ExecutiveClass,DEMORADO
59,Coreen,Todaro,82735.97,DK4388E,ExecutiveClass,ATERRIZADO
60,Avie,Rowcastle,61873.09,RB0408K,FirstClass,EN VUELO
61,Walther,Charlo,9703.76,XC2334D,EconomyClass,DEMORADO
62,Frederigo,Oret,15982.45,TC2063P,ExecutiveClass,EN HORARIO
63,Flo,Readings,14940.77,DT7100Q,EconomyClass,EN VUELO
64,Alfredo,Jeanin,5541.8,EO9229C,EconomyClass,DEMORADO
65,Alexandra,O'Heffernan,19495.0,VD1989P,ExecutiveClass,ATERRIZADO
66,Korrie,O'Regan,39230.25,VZ3688T,ExecutiveClass,DEMORADO
67,Kaitlin,Scadding,73375.43,MO4205G,EconomyClass,EN HORARIO
68,Somerset,Balwin,41948.5,OE4330T,EconomyClass,ATERRIZADO
69,Kareem,Canniffe,76983.97,IE7473U,ExecutiveClass,DEMORADO
70,Jefferson,Sondland,29137.92,TX1925S,EconomyClass,ATERRIZADO
71,Alexandra,Plunket,7231.56,WS1215M,FirstClass,ATERRIZADO
72,Florinda,Ashtonhurst,35188.55,RK6632H,ExecutiveClass,DEMORADO
73,Merell,Buckeridge,92112.41,JL4794H,ExecutiveClass,DEMORADO
74,Reggy,Rawlingson,7569.23,BT2561Q,EconomyClass,DEMORADO
75,Kiersten,Clemensen,91944.7,VA4866J,FirstClass,DEMORADO
76,Beilul,Kinzett,90036.93,LE8365E,EconomyClass,EN HORARIO
77,Jacklyn,Allflatt,68440.28,RF3616T,FirstClass,EN VUELO
78,Coral,Corzor,19968.0,MB6305M,FirstClass,EN VUELO
79,Luise,Gahagan,39603.68,WS6697Y,EconomyClass,EN HORARIO
80,Arnoldo,Gillison,5522.54,BD7178G,FirstClass,EN VUELO
81,Selene,Heintz,70834.58,ZU6063T,EconomyClass,EN HORARIO
82,Dyane,Maudsley,19054.99,KE6525F,ExecutiveClass,DEMORADO
83,Swen,Farrall,34379.84,LB8372B,ExecutiveClass,EN VUELO
84,Aundrea,Dunnan,88530.21,CP9256E,EconomyClass,DEMORADO
85,Kamilah,Thurman,30400.66,SJ9105G,FirstClass,EN HORARIO
86,Venus,Masterman,89722.93,MT2388T,ExecutiveClass,ATERRIZADO
87,Merrick,Forrington,23992.24,MN7908F,EconomyClass,DEMORADO
88,Auberta,Ticksall,22712.5,LF9117S,EconomyClass,DEMORADO
89,Bendite,Nilles,47813.7,HX7316Y,FirstClass,ATERRIZADO
90,Gibb,Hekkert,50999.07,FB9178N,FirstClass,EN HORARIO
91,Bastien,Goschalk,58970.09,DU0829L,EconomyClass,DEMORADO
92,Patrizia,Carrabot,23819.57,XE9017E,ExecutiveClass,EN HORARIO
93,Matilda,Nealand,86095.33,AE8249P,ExecutiveClass,DEMORADO
94,Quentin,Lardez,49424.78,BE6038H,FirstClass,EN VUELO
95,Chaddie,Cluse,26363.7,QP2622Z,EconomyClass,EN HORARIO
96,Miner,Danielli,54095.06,ZQ4106P,ExecutiveClass,ATERRIZADO
97,Elwira,Tournay,20934.08,LB5538H,ExecutiveClass,EN VUELO
98,Verena,Laughren,29115.54,EU5015W,FirstClass,EN VUELO
99,Kitty,Heaton,26472.53,CP5449V,EconomyClass,ATERRIZADO
100,Geoffrey,Burgin,11469.44,LE8784U,EconomyClass,DEMORADO
101,Bruno,Barlow,24789.62,NO2420A,EconomyClass,DEMORADO
102,Kyle,Nutkin,69411.67,FS3964V,FirstClass,EN VUELO
103,Even,Simmonite,28541.8,IG2261T,ExecutiveClass,ATERRIZADO
104,Eric,Offin,10089.97,XS3468Z,EconomyClass,EN HORARIO
105,Laverne,Llorente,47514.07,MU8189E,FirstClass,EN VUELO
106,Helen,Featonby,28648.14,KA3584I,FirstClass,EN VUELO
107,Reece,Sextie,79292.23,PL9959D,ExecutiveClass,DEMORADO
108,Pebrook,Bastie,15863.91,LS1996K,FirstClass,DEMORADO
109,Nicolai,Buckler,15342.2,EI7348X,ExecutiveClass,EN VUELO
110,Francklin,Hysom,88008.27,YC2611W,ExecutiveClass,EN VUELO
111,Alejandro,Odam,10652.43,VF2303R,FirstClass,ATERRIZADO
112,Kendricks,Cuppitt,46460.74,ZT6933P,EconomyClass,DEMORADO
113,Farrah,MacCrosson,67435.01,AY4340T,ExecutiveClass,DEMORADO
114,Kaile,Cranstoun,43132.92,BV5981U,ExecutiveClass,ATERRIZADO
115,Ashely,Mingotti,65051.24,KE0065E,FirstClass,DEMORADO
116,Liuka,O' Sullivan,55873.54,PJ2243H,ExecutiveClass,EN VUELO
117,Arnold,Jozefowicz,60818.55,KG2109R,ExecutiveClass,ATERRIZADO
118,Ellie,Grebbin,62723.96,GQ7688T,EconomyClass,EN HORARIO
119,Walden,Guisot,83261.35,HZ9783D,EconomyClass,EN HORARIO
120,Dwain,Carney,36111.42,NI8177Y,ExecutiveClass,ATERRIZADO
121,Mayor,Snelgrove,47409.72,NK7312H,FirstClass,EN HORARIO
122,Eugine,Melluish,56830.48,ND6609S,FirstClass,ATERRIZADO
123,Benny,Vader,36219.25,TN6089D,FirstClass,DEMORADO
124,Bennie,Kubek,61148.49,FL0875R,ExecutiveClass,EN VUELO
125,Alanah,Lauks,90696.01,HW3358X,FirstClass,EN VUELO
126,Abbie,Chater,47945.16,SH9864M,ExecutiveClass,DEMORADO
127,Krispin,Devinn,59935.01,QV7124Y,ExecutiveClass,EN HORARIO
128,Lonna,Cashman,24635.16,DD9008Z,FirstClass,ATERRIZADO
129,Raviv,Callam,16829.53,IN7551O,FirstClass,EN VUELO
130,Kit,Ellacombe,5018.42,MW4177D,FirstClass,ATERRIZADO
131,Kacey,Lantuff,13980.92,PE1903F,EconomyClass,DEMORADO
132,Candra,Chatteris,25357.29,EM1440V,ExecutiveClass,DEMORADO
133,Nestor,Aymeric,22126.12,GH8928U,EconomyClass,EN VUELO
134,Dot,Aleevy,29734.88,BR4537F,FirstClass,EN VUELO
135,Lyndy,Noot,97715.53,UT8333H,FirstClass,EN VUELO
136,Eadith,Lathe,13947.45,NP8082K,FirstClass,EN VUELO
137,Wilhelm,Winkell,26648.97,PW9160V,EconomyClass,EN HORARIO
138,Eugenius,Maliffe,45529.96,LP7026E,FirstClass,EN VUELO
139,Hally,Gillett,83767.09,HD4213V,EconomyClass,DEMORADO
140,Shelley,Creeber,36828.51,UI5395K,ExecutiveClass,EN VUELO
141,Pedro,Petrasch,62413.42,WP8837A,EconomyClass,EN VUELO
142,Vance,Prando,41433.23,ON3357V,FirstClass,DEMORADO
143,Sollie,Kimberley,22629.34,XS8924A,ExecutiveClass,EN HORARIO
144,Cesya,Showt,73315.42,XB2628H,FirstClass,EN HORARIO
145,Ericha,Crichley,34084.59,VO3965R,FirstClass,EN HORARIO
146,Madella,Klimke,5631.34,PC2812Q,ExecutiveClass,ATERRIZADO
147,Dicky,Shead,7313.63,KY4569R,ExecutiveClass,EN HORARIO
148,Isabelle,Windridge,26473.48,PG3944A,FirstClass,EN HORARIO
149,Melicent,Ivanchenkov,41916.9,AZ0482X,FirstClass,ATERRIZADO
150,Laurie,Christescu,64140.49,NF6118V,FirstClass,EN HORARIO
151,Steffi,Melan,20849.86,IU8804S,FirstClass,EN VUELO
152,Brianna,Castellanos,91937.47,EE0798J,ExecutiveClass,DEMORADO
153,Cornie,Dyment,16810.54,DG1836L,EconomyClass,EN VUELO
154,Naoma,Matteris,9981.42,TV6422S,FirstClass,EN VUELO
155,Brooke,Barbery,86873.49,IB4845Y,ExecutiveClass,EN VUELO
156,Rosella,Lucus,78150.44,OY7969K,FirstClass,EN VUELO
157,Roch,Gillio,64896.48,GE9765G,FirstClass,EN VUELO
158,Jorey,Soltan,9774.72,XP8304Q,ExecutiveClass,EN HORARIO
159,Faun,Brommage,73362.37,IF1589L,ExecutiveClass,DEMORADO
160,Lorry,Everton,15502.51,HV0218G,EconomyClass,EN VUELO
161,Jake,Jardine,27175.93,NS8071G,ExecutiveClass,EN HORARIO
162,Frederique,Blaisdale,48145.45,GU9491P,FirstClass,EN VUELO
163,Pascal,Foux,56588.11,UH3396F,FirstClass,ATERRIZADO
164,Peg,de Mendoza,65706.19,WY5188H,FirstClass,DEMORADO
165,Anselm,Castagna,77499.35,AB4633G,ExecutiveClass,EN VUELO
166,Sax,Maven,87686.6,VU9264C,ExecutiveClass,ATERRIZADO
167,Nye,Karpmann,87718.28,HR6325B,EconomyClass,ATERRIZADO
168,Read,Anger,67124.24,UJ3754D,EconomyClass,DEMORADO
169,Kennedy,Pepperrall,48903.87,LZ6855O,ExecutiveClass,ATERRIZADO
170,Brenden,Sadat,97487.36,OF5420N,FirstClass,EN VUELO
171,Ginelle,Chomicki,31161.19,HY0632Q,EconomyClass,ATERRIZADO
172,Paulie,Aphale,45883.32,HO2421Z,EconomyClass,ATERRIZADO
173,Brooke,Wyson,99096.2,BU3586G,EconomyClass,EN HORARIO
174,Dare,Kiloh,89332.21,TY7631K,FirstClass,EN VUELO
175,Bonita,Spraberry,71111.11,GU9859D,FirstClass,ATERRIZADO
176,Liesa,Watting,9089.32,NP3954J,ExecutiveClass,EN VUELO
177,Carver,Stieger,98812.59,LP9663C,ExecutiveClass,EN HORARIO
178,Germaine,Ockland,99734.39,SM0144I,EconomyClass,ATERRIZADO
179,Elizabeth,Bohden,11180.67,XT2483J,FirstClass,EN HORARIO
180,Millicent,Yakob,48909.3,KS0249C,ExecutiveClass,DEMORADO
181,Davide,Brouard,61762.0,JB3306Z,EconomyClass,ATERRIZADO
182,Darwin,Swenson,94526.31,JI4860M,FirstClass,DEMORADO
183,Henri,Garnson,33717.07,IG3906P,EconomyClass,DEMORADO
184,Derby,Birtle,57171.84,YX8977R,EconomyClass,EN VUELO
185,Johan,Keher,64481.72,MC8424P,FirstClass,EN HORARIO
186,Bibby,Wyche,94894.3,GK0959E,EconomyClass,ATERRIZADO
187,Ricki,Asbury,40238.14,HQ5686H,EconomyClass,EN HORARIO
188,Jess,Tregenna,21252.88,XL8779A,FirstClass,EN HORARIO
189,Marian,Giannoni,52194.48,OR6047Y,FirstClass,EN VUELO
190,Juieta,Ladloe,65518.15,MJ5594B,ExecutiveClass,DEMORADO
191,Kip,Burstowe,92551.83,YN8430H,EconomyClass,DEMORADO
192,Livvy,Bockler,92619.45,IW4161Q,ExecutiveClass,ATERRIZADO
193,Briana,Shelper,45609.33,SK5678D,FirstClass,EN VUELO
194,Lexy,Marsy,31368.97,OI6064H,FirstClass,ATERRIZADO
195,Frederica,Beidebeke,86190.87,FU1255C,EconomyClass,EN VUELO
196,Trudey,Yushkov,47248.65,WF6387P,ExecutiveClass,ATERRIZADO
197,Gipsy,Simpkin,54598.92,AO6343C,FirstClass,DEMORADO
198,Kip,Jagels,28170.74,GX8221H,EconomyClass,EN HORARIO
199,Rachelle,Stronack,92113.8,HF7351U,ExecutiveClass,EN HORARIO
200,Ban,Eadon,18838.36,HQ5231R,EconomyClass,DEMORADO
201,Erskine,Jeppe,6592.18,SC8895W,EconomyClass,EN VUELO
202,Garth,Wildman,20509.69,EW9723X,EconomyClass,DEMORADO
203,Ransom,Ayliffe,87057.99,KY8066K,EconomyClass,EN VUELO
204,Estevan,Law,68798.78,RZ1433Q,FirstClass,ATERRIZADO
205,Gerhard,Gasking,28850.77,NP2288X,ExecutiveClass,DEMORADO
206,Blake,Burdett,40410.8,LG4689Y,ExecutiveClass,EN HORARIO
207,Norrie,Barnardo,24671.47,WX3686V,EconomyClass,EN VUELO
208,Judah,Hendriks,97140.48,CJ2718O,ExecutiveClass,DEMORADO
209,Petronella,Berger,54127.64,CT9093F,ExecutiveClass,EN HORARIO
210,Marinna,Yeld,74746.17,NP9489I,ExecutiveClass,DEMORADO
211,Dorice,Provis,80996.63,AV5667I,FirstClass,EN HORARIO
212,Ysabel,Hurch,40878.54,ZC8200H,FirstClass,ATERRIZADO
213,Petr,Mitchelson,60281.17,HV0045F,FirstClass,DEMORADO
214,Bordie,Minchinton,48172.75,FA5597F,ExecutiveClass,ATERRIZADO
215,Keven,Mallya,72001.37,QG7709L,FirstClass,EN VUELO
216,Shalna,Alyoshin,27868.08,YL3737C,ExecutiveClass,EN HORARIO
217,Chris,Bolam,64632.47,HY7903B,EconomyClass,DEMORADO
218,Abbott,Nairn,81770.44,IP8769F,ExecutiveClass,ATERRIZADO
219,Brett,Sibun,80864.5,WK7126W,EconomyClass,ATERRIZADO
220,Boniface,Koppke,50974.41,ZE9683G,FirstClass,EN HORARIO
221,Opal,Huntly,27337.24,NE4859S,EconomyClass,ATERRIZADO
222,Inge,Eiler,89845.25,JW4674B,EconomyClass,EN VUELO
223,Rowland,Devericks,96936.98,VY6130S,EconomyClass,ATERRIZADO
224,Uriel,Kinavan,45952.38,LO2175D,FirstClass,ATERRIZADO
225,Jacquelynn,Eastmead,57385.17,CQ3312G,ExecutiveClass,EN VUELO
226,Hester,Kaminski,74426.84,VM9003D,FirstClass,EN VUELO
227,Keir,Wickling,25706.02,LC9575H,FirstClass,EN VUELO
228,Vivian,Vokes,7519.08,OX3767W,EconomyClass,ATERRIZADO
229,Arnold,Thornborrow,86254.93,TB5001J,EconomyClass,ATERRIZADO
230,Ossie,Stallibrass,71881.9,UA7048G,EconomyClass,ATERRIZADO
231,Isac,Steabler,17980.77,OH4273A,FirstClass,EN VUELO
232,Dermot,Ryhorovich,81019.61,TI9149K,EconomyClass,DEMORADO
233,Kimberley,Prandy,49612.55,YS7989A,ExecutiveClass,DEMORADO
234,Lyndel,McGill,65558.3,XC2743Z,ExecutiveClass,EN VUELO
235,Demetrius,Turn,41095.93,SG9911E,EconomyClass,EN VUELO
236,Holmes,Lethbrig,90019.61,LF8910V,EconomyClass,DEMORADO
237,Stinky,Debenham,31325.7,KD6756O,ExecutiveClass,EN HORARIO
238,Will,Chesher,56265.63,FY3781B,FirstClass,EN HORARIO
239,Bert,Briscow,37284.2,UN8246L,EconomyClass,EN HORARIO
240,Lowell,Deere,91941.77,KH0473P,EconomyClass,EN VUELO
241,Berte,Burbury,82526.23,MG2294U,EconomyClass,EN VUELO
242,Ahmed,Llorente,15478.67,WN3473B,FirstClass,ATERRIZADO
243,Diane,Pymar,13363.09,IW4841P,ExecutiveClass,DEMORADO
244,Katinka,Cleminson,73183.83,DF5026F,FirstClass,ATERRIZADO
245,Hewe,Thurstance,24307.51,CP8537U,FirstClass,ATERRIZADO
246,Amaleta,Tommis,74858.66,XX5260R,ExecutiveClass,EN HORARIO
247,Giustina,Dowdney,31415.88,AE8135Q,FirstClass,DEMORADO
248,Viviana,Warn,44694.73,VH8009J,EconomyClass,EN HORARIO
249,Ange,Vagg,14914.3,FI0664M,ExecutiveClass,EN VUELO
250,Phedra,Philler,91939.35,EJ7056O,EconomyClass,EN VUELO
251,Julio,Kopacek,48839.04,JF5811A,EconomyClass,ATERRIZADO
252,Lance,O' Hanvey,34455.38,VF6775C,EconomyClass,EN HORARIO
253,Nappie,MacGille,30843.51,ID3647E,EconomyClass,EN VUELO
254,Dacy,Philcott,76913.1,IR6229T,ExecutiveClass,ATERRIZADO
255,Felicdad,Hocking,31110.71,FF7397J,FirstClass,DEMORADO
256,Angelita,Huegett,16493.86,QU2687R,ExecutiveClass,ATERRIZADO
257,Elke,Randles,53165.03,BJ9005J,FirstClass,EN VUELO
258,Sherrie,Blowes,63435.61,RX8699D,EconomyClass,DEMORADO
259,Debee,Gorce,9956.74,TX0822Q,FirstClass,ATERRIZADO
260,Geri,Dungate,18815.41,XU0524U,ExecutiveClass,ATERRIZADO
261,Ruthi,Jakuszewski,12070.31,AE5587B,ExecutiveClass,DEMORADO
262,Cleve,Scurlock,55744.85,CY8433T,FirstClass,DEMORADO
263,Elva,Zum Felde,94494.25,KL3220P,ExecutiveClass,EN VUELO
264,Antin,Beavon,10722.46,JL9650E,FirstClass,EN VUELO
265,Melloney,Poe,95563.01,QX8766C,ExecutiveClass,EN HORARIO
266,Brooke,Merwede,74049.99,RF6801K,ExecutiveClass,DEMORADO
267,Katherine,Eyree,33859.44,HZ6508I,EconomyClass,ATERRIZADO
268,Payton,Andras,85458.33,QJ6413Q,ExecutiveClass,DEMORADO
269,Camilla,Beane,38918.26,MW5963F,ExecutiveClass,EN VUELO
270,Tish,Blyth,19075.7,IO0439C,ExecutiveClass,EN HORARIO
271,Tressa,De Gouy,85674.76,UZ2879E,FirstClass,ATERRIZADO
272,Essy,Strathman,74126.97,HM2017V,ExecutiveClass,EN VUELO
273,Andrea,Gove,91229.57,JR5443M,EconomyClass,ATERRIZADO
274,Antonella,Dubock,13713.59,OA7191D,ExecutiveClass,EN HORARIO
275,Cy,Streight,31259.05,QE5771X,ExecutiveClass,ATERRIZADO
276,Carr,Fincken,67391.75,GP8039F,EconomyClass,EN VUELO
277,Nonah,Okill,13589.91,HC1711Y,EconomyClass,ATERRIZADO
278,Olivie,Mounfield,59292.48,RU9337V,ExecutiveClass,EN HORARIO
279,Ellswerth,Lantiffe,80006.09,SX9446E,ExecutiveClass,EN HORARIO
280,Emylee,Keynes,66540.26,IO5776V,ExecutiveClass,EN VUELO
281,Laureen,Segeswoeth,34468.85,UL4213E,ExecutiveClass,DEMORADO
282,Wheeler,Wintersgill,76729.9,EP0856G,EconomyClass,ATERRIZADO
283,Angela,Lamburne,95062.8,BM2503O,FirstClass,ATERRIZADO
284,Gabie,Arnull,89325.78,LN8385K,FirstClass,EN HORARIO
285,Evey,Kop,58530.37,GU0271E,ExecutiveClass,DEMORADO
286,Dorine,Hobbema,82711.11,WX1926N,ExecutiveClass,EN HORARIO
287,Benita,Murison,18483.75,BG3300M,EconomyClass,DEMORADO
288,Loydie,Gobolos,37619.33,FM0813P,ExecutiveClass,ATERRIZADO
289,Trstram,Freckelton,24562.37,QR0189C,FirstClass,DEMORADO
290,Lianne,Melville,66133.03,AU5985I,EconomyClass,ATERRIZADO
291,Ludovico,Anfossi,21879.83,ZL5405H,ExecutiveClass,EN VUELO
292,Adelind,Wixon,26391.37,AN6453K,EconomyClass,EN VUELO
293,Karie,Stealey,93717.79,BG1342R,EconomyClass,DEMORADO
294,Consalve,Janecki,10542.92,AI0323G,ExecutiveClass,EN HORARIO
295,Lynelle,Priddis,97526.75,KA3360F,ExecutiveClass,ATERRIZADO
296,Raffaello,Sonier,90563.19,QM3306A,ExecutiveClass,EN VUELO
297,Britta,Exposito,97438.21,AM4726I,EconomyClass,EN HORARIO
298,Hughie,Varley,26740.78,CK8923G,ExecutiveClass,ATERRIZADO
299,Olwen,Mallabone,56725.87,VN2755L,FirstClass,ATERRIZADO
300,Essie,McParland,18374.56,XC5404Q,FirstClass,EN VUELO
301,Gardiner,Clohessy,39834.94,HX1166H,ExecutiveClass,EN VUELO
302,See,Taveriner,92502.22,XO6727K,EconomyClass,DEMORADO
303,Shalne,Rosenstein,15130.01,SV5264R,ExecutiveClass,EN HORARIO
304,Antonella,Ferrer,31127.93,SU0201F,EconomyClass,ATERRIZADO
305,Fairfax,MacEllen,12763.12,MV3481F,ExecutiveClass,EN HORARIO
306,Clyde,Vasyatkin,29254.82,HZ9574J,FirstClass,DEMORADO
307,Julius,Brotherick,40897.31,IQ8343G,EconomyClass,DEMORADO
308,Gradeigh,Holdall,55795.28,XZ7730H,FirstClass,DEMORADO
309,Raye,Norris,90775.84,OC2604L,EconomyClass,ATERRIZADO
310,Terri,Cable,14989.69,VA0988M,ExecutiveClass,EN HORARIO
311,Gianni,Turmall,13271.8,YW8144F,FirstClass,EN HORARIO
312,Garvey,Fairfoot,22550.67,AN7578V,FirstClass,ATERRIZADO
313,Zahara,Steeples,90098.54,JG4523L,ExecutiveClass,ATERRIZADO
314,Madalena,Orum,20408.71,QI5558B,ExecutiveClass,EN VUELO
315,Karlene,Mirams,48470.86,ZK3345E,FirstClass,ATERRIZADO
316,Konrad,Bussetti,96170.54,SS4584V,ExecutiveClass,EN HORARIO
317,Odetta,Canning,8351.68,FK0622W,ExecutiveClass,ATERRIZADO
318,Camellia,Ellerker,99163.34,CE5701K,FirstClass,ATERRIZADO
319,Joellen,Hedney,77068.3,YF2836V,FirstClass,ATERRIZADO
320,Akim,Bothe,88467.84,GZ3532G,ExecutiveClass,DEMORADO
321,Ottilie,Crebott,73236.72,OE0537B,FirstClass,EN HORARIO
322,Frannie,Hardan,17947.3,MB8006M,ExecutiveClass,EN VUELO
323,Derward,Kears,37627.4,NI9302L,ExecutiveClass,DEMORADO
324,Jocko,Gynn,59903.24,AK6271B,EconomyClass,DEMORADO
325,Xenos,Stickins,82268.57,XX8030Z,EconomyClass,DEMORADO
326,Phillida,Cheeke,50822.53,JZ5067A,EconomyClass,DEMORADO
327,Joete,Beed,80110.46,ZX8151O,EconomyClass,DEMORADO
328,Garvin,Knightsbridge,52281.0,GY8026R,ExecutiveClass,ATERRIZADO
329,Sayre,Meneyer,91058.15,DV3629Q,ExecutiveClass,EN VUELO
330,Yale,Kleinlerer,20525.95,KX3593V,ExecutiveClass,ATERRIZADO
331,Abner,Valentim,54655.45,IR4465B,EconomyClass,DEMORADO
332,Neille,Seys,46143.6,IR6281Z,EconomyClass,EN HORARIO
333,Damaris,Baggarley,14897.28,YU5017R,EconomyClass,EN VUELO
334,Marice,Stoffel,18098.72,IV9845A,EconomyClass,DEMORADO
335,Tommi,Birchwood,26560.65,IH8335X,ExecutiveClass,EN HORARIO
336,Zabrina,Arniz,97368.52,YQ1231X,FirstClass,ATERRIZADO
337,Tiphanie,Kneal,67016.98,JS6838Q,EconomyClass,EN VUELO
338,Derron,Guerola,91668.81,VI8215R,ExecutiveClass,EN HORARIO
339,Page,Abrey,59902.28,RK7062A,EconomyClass,EN VUELO
340,Lorrie,Challis,42004.38,CO2070H,ExecutiveClass,EN HORARIO
341,Lauree,Rowan,85964.33,TA2765P,ExecutiveClass,DEMORADO
342,Daloris,Treadaway,58704.68,VR8181V,EconomyClass,DEMORADO
343,Ernesta,Lendrem,57325.68,SI2807X,ExecutiveClass,EN HORARIO
344,Bria,Nizet,20999.27,FM3641I,FirstClass,DEMORADO
345,Chiquita,Farnham,74779.77,SE9718H,ExecutiveClass,EN VUELO
346,Maxim,Spackman,53730.95,BM8360H,EconomyClass,EN HORARIO
347,Klarrisa,Jeskins,80890.55,WM2029J,FirstClass,ATERRIZADO
348,Dannie,Arlott,71723.97,ZZ5063Q,EconomyClass,DEMORADO
349,Warner,Raymen,67336.0,UW8094J,ExecutiveClass,DEMORADO
350,Carry,Corran,34904.95,BC7940Z,FirstClass,EN VUELO
351,Jo,Marlowe,89747.83,TE2842T,ExecutiveClass,DEMORADO
352,Elia,Smissen,39483.58,GQ9117X,FirstClass,EN HORARIO
353,Agna,Sofe,46877.94,AA0315X,FirstClass,EN VUELO
354,Elane,Langshaw,87680.53,OD3100R,EconomyClass,EN HORARIO
355,Mattheus,Vickerstaff,31940.68,JA5498Z,EconomyClass,EN VUELO
356,Harmonia,Fearnill,78417.68,RB0532H,ExecutiveClass,ATERRIZADO
357,Vivie,Lingfoot,92368.74,QM2363O,EconomyClass,EN VUELO
358,Eran,Muckart,97544.92,DL4301I,EconomyClass,EN HORARIO
359,Gayle,Woodard,58127.49,EH1416W,ExecutiveClass,DEMORADO
360,Jordan,Coughlan,53626.18,JT4885V,FirstClass,EN VUELO
361,Woodrow,Gudahy,7030.64,VJ8865U,FirstClass,EN VUELO
362,Ferrell,Batchelder,46684.47,TK4267N,FirstClass,EN VUELO
363,Marybeth,Salzberger,23130.29,DY0343G,EconomyClass,ATERRIZADO
364,Dulci,Gothup,54227.34,WR6123S,EconomyClass,DEMORADO
365,Amelita,Dowrey,6675.76,WA4737C,FirstClass,EN HORARIO
366,Gladi,Petruska,26774.33,YL7795D,EconomyClass,ATERRIZADO
367,Winni,Tortice,46841.66,DK6093J,FirstClass,DEMORADO
368,Aldin,Antonchik,51637.54,LG5885R,EconomyClass,DEMORADO
369,Clary,Sherme,51548.17,ES1583W,ExecutiveClass,EN HORARIO
370,Trevar,Pocock,61728.14,XD4263H,EconomyClass,EN HORARIO
371,Claiborn,Devita,65158.38,PY8292S,ExecutiveClass,EN HORARIO
372,Demetre,Capun,64791.36,AT6840T,FirstClass,EN HORARIO
373,Rollie,Newbury,6759.98,TZ7780X,ExecutiveClass,DEMORADO
374,Rad,January 1st,90963.57,PH4626P,EconomyClass,EN VUELO
375,Conni,Fattorini,64531.14,VQ8651B,EconomyClass,EN HORARIO
376,Raviv,Fosdyke,64748.7,VT0260B,ExecutiveClass,EN HORARIO
377,Enrique,Townend,69320.78,DD1445C,FirstClass,DEMORADO
378,Brade,De Stoop,14076.77,UO7077Y,EconomyClass,EN HORARIO
379,Fraser,Pakeman,88334.54,NF7893O,EconomyClass,DEMORADO
380,Ivett,Livoir,89503.01,II6516K,FirstClass,EN HORARIO
381,Anny,Pacher,86466.9,NV9534K,EconomyClass,ATERRIZADO
382,Robenia,Olyonov,33202.98,YM7614O,EconomyClass,EN VUELO
383,Trisha,Madgett,46894.89,YF0537D,ExecutiveClass,ATERRIZADO
384,Ulysses,Buckingham,25118.7,EJ3325T,EconomyClass,EN VUELO
385,Aloisia,Firidolfi,51874.42,ME9915Y,FirstClass,DEMORADO
386,Kacey,Georghiou,21869.38,YW2797D,ExecutiveClass,DEMORADO
387,Nils,Hamlett,45677.75,YJ4210C,ExecutiveClass,ATERRIZADO
388,Ester,Elix,38340.16,RL9437A,EconomyClass,EN VUELO
389,Clifford,Ploughwright,5068.74,KU4940C,EconomyClass,EN HORARIO
390,Pietrek,Posen,97439.58,DZ3155T,EconomyClass,DEMORADO
391,Felipe,Cuffin,10526.32,OD2758Z,EconomyClass,EN HORARIO
392,Nicoline,Ison,94115.23,UU5087J,FirstClass,DEMORADO
393,Lorens,Gwyer,97587.55,SK4426X,FirstClass,ATERRIZADO
394,Lind,Binnes,10986.6,HX4059X,ExecutiveClass,EN VUELO
395,Sidnee,Alvaro,78995.6,CG7416Q,EconomyClass,EN HORARIO
396,Cointon,Brightie,90741.87,AY9720Z,ExecutiveClass,ATERRIZADO
397,Sergei,Oxenford,13571.23,AC0220V,FirstClass,DEMORADO
398,Reynard,Longhi,99544.7,DK7382K,EconomyClass,EN VUELO
399,Fran,Iannazzi,19897.84,RZ1977T,FirstClass,ATERRIZADO
400,Lindi,Molyneaux,87807.79,FO3773Z,FirstClass,ATERRIZADO
401,Connie,Buncombe,80365.18,ZR7146Q,FirstClass,DEMORADO
402,Antonie,Wey,90884.63,YU7401K,ExecutiveClass,EN VUELO
403,Franchot,Matuskiewicz,14852.05,ZE9040A,FirstClass,EN HORARIO
404,Henry,Du Plantier,69706.81,ZJ9752S,ExecutiveClass,EN VUELO
405,Vi,Ollie,74734.27,ED6296F,FirstClass,EN VUELO
406,Katy,Simes,51264.67,YR2239I,FirstClass,EN VUELO
407,Hall,McHan,40177.37,QX5115V,FirstClass,EN VUELO
408,Ikey,Collopy,58400.83,CQ1214P,ExecutiveClass,DEMORADO
409,Dot,Newband,91763.55,WL9673P,ExecutiveClass,DEMORADO
410,Bili,Jewise,31991.1,RY1876Q,FirstClass,ATERRIZADO
411,Odell,Nockells,92591.35,IX6696J,ExecutiveClass,EN VUELO
412,Hayley,Cloonan,44580.63,CG5750C,FirstClass,ATERRIZADO
413,Lindsey,Kupker,75789.9,QX5036E,EconomyClass,ATERRIZADO
414,Agretha,Stute,62720.51,BS4337B,FirstClass,EN VUELO
415,Horton,Wolverson,95193.71,NA6001F,FirstClass,ATERRIZADO
416,Barthel,Goodbarr,73173.32,XU7207F,ExecutiveClass,DEMORADO
417,Naomi,Hayden,13188.16,EM1182L,ExecutiveClass,EN VUELO
418,Far,Cawsy,78356.67,BF4657U,EconomyClass,ATERRIZADO
419,Carlynne,Bryenton,81285.79,XL5856N,FirstClass,DEMORADO
420,Eugenie,McArt,77921.1,QX3161X,EconomyClass,ATERRIZADO
421,Geordie,Bullar,96101.7,LA4205U,FirstClass,EN HORARIO
422,Nowell,Clara,20565.73,GB8146O,ExecutiveClass,EN VUELO
423,Allissa,Caplen,59692.98,TB6674O,EconomyClass,EN VUELO
424,Vail,Lintott,91266.92,RC5162V,FirstClass,ATERRIZADO
425,Dionis,Axelbee,56602.24,PZ0275Z,EconomyClass,EN VUELO
426,Valaria,Vian,66246.3,SR7303Y,EconomyClass,EN VUELO
427,Erick,Greensitt,6273.7,LP0407L,FirstClass,EN VUELO
428,Maudie,McOnie,53780.48,DS2830X,FirstClass,EN HORARIO
429,Emilio,Warre,19889.87,SF0307Q,EconomyClass,EN HORARIO
430,Randi,Etheridge,49981.34,WO2320J,FirstClass,EN HORARIO
431,Vale,Twigge,63344.07,DX5265T,EconomyClass,ATERRIZADO
432,Egbert,Sivyour,92488.45,YN3159D,EconomyClass,ATERRIZADO
433,Clair,Ruhben,51110.17,NA5759E,FirstClass,EN HORARIO
434,Charla,Kidde,70050.35,IW9250Z,EconomyClass,DEMORADO
435,Jerrie,Sanbrook,55491.87,BU0107O,FirstClass,DEMORADO
436,Muriel,Gammell,57933.62,MU1616O,FirstClass,EN VUELO
437,Townsend,Heckney,49819.88,YP9952K,EconomyClass,EN VUELO
438,Paco,Kyteley,37728.95,UI3569F,EconomyClass,EN HORARIO
439,Jarad,Mungan,12735.65,ZB2670Y,EconomyClass,DEMORADO
440,Jerrilee,Dallman,75221.81,WG5498I,FirstClass,ATERRIZADO
441,Abie,Osgar,65484.32,NX6681C,EconomyClass,ATERRIZADO
442,Halley,MacEnelly,86879.55,IP3816N,FirstClass,ATERRIZADO
443,Bessy,Barensen,54094.51,AQ3274Y,EconomyClass,EN HORARIO
444,Brandi,Saket,50152.64,OD9067B,EconomyClass,ATERRIZADO
445,Demeter,Lamberth,31418.72,YK3489V,ExecutiveClass,EN VUELO
446,Madeleine,Bruntjen,24603.71,YV4606Z,ExecutiveClass,EN HORARIO
447,Romonda,Muckeen,64992.45,PI3000F,ExecutiveClass,DEMORADO
448,Barbara-anne,Walesby,52603.64,CW9675F,FirstClass,EN HORARIO
449,Pernell,Hamblyn,8796.48,JW9213W,FirstClass,ATERRIZADO
450,Renault,Sleany,97247.35,ZH3529C,EconomyClass,DEMORADO
451,Rebeka,Cramb,44104.05,LJ2300V,EconomyClass,EN HORARIO
452,Hughie,De Dantesie,62129.44,KU5879J,FirstClass,ATERRIZADO
453,Alvy,Chansonne,94298.16,ZL7373I,ExecutiveClass,ATERRIZADO
454,Renelle,Juan,62040.57,BR9105K,FirstClass,ATERRIZADO
455,Tull,Rummery,9225.83,LF7727X,ExecutiveClass,EN HORARIO
456,Cross,Meatcher,37387.36,JV9703Z,EconomyClass,EN VUELO
457,Maxwell,Sadat,49886.25,RS0389T,ExecutiveClass,DEMORADO
458,Trudi,Vatini,58249.07,NW9715G,FirstClass,DEMORADO
459,Marian,O'Hagan,37278.52,IC2127Q,FirstClass,EN HORARIO
460,Clayton,Bentinck,55376.28,AQ7770D,ExecutiveClass,ATERRIZADO
461,Kynthia,Canby,8563.84,TT4541W,EconomyClass,ATERRIZADO
462,Mayer,Frankowski,26169.66,VE3968E,FirstClass,DEMORADO
463,Iolande,Mordaunt,17901.01,BC7446W,EconomyClass,EN VUELO
464,Celestyna,Ten Broek,99590.25,ZQ9375U,FirstClass,EN VUELO
465,Wolf,Golsby,67735.68,QH8455A,FirstClass,DEMORADO
466,Sophi,Orchart,62479.09,ZZ7062C,ExecutiveClass,EN HORARIO
467,Winny,Hasel,19577.77,QH9506U,EconomyClass,DEMORADO
468,Sandye,Sergeaunt,5994.64,LX1534N,ExecutiveClass,DEMORADO
469,Neron,Frichley,71681.41,GS7503P,FirstClass,EN VUELO
470,Paton,Bacon,46416.99,TB4575A,FirstClass,EN HORARIO
471,Sol,Trytsman,83173.92,PR7721R,ExecutiveClass,EN HORARIO
472,Zebulen,Kitchinham,99895.55,DS5697F,FirstClass,EN HORARIO
473,Olivia,Bunclark,5376.13,JL6788J,ExecutiveClass,EN VUELO
474,Ellie,Janata,81136.13,TL6088H,FirstClass,EN HORARIO
475,Wolfy,Verick,43433.69,LD2720U,EconomyClass,ATERRIZADO
476,Roosevelt,Challenor,58680.73,VT5696R,EconomyClass,EN VUELO
477,Nora,Vickerman,56482.0,CO5487C,EconomyClass,ATERRIZADO
478,Laughton,MacCawley,80737.32,FP0491J,ExecutiveClass,DEMORADO
479,Nancee,Loynes,41694.18,LA0478L,EconomyClass,DEMORADO
480,Ginni,Blofeld,91370.14,BJ1082S,FirstClass,DEMORADO
481,Earl,Pepperell,28918.11,IA0640Q,EconomyClass,ATERRIZADO
482,Devora,Cardello,75795.31,FI0884H,EconomyClass,EN VUELO
483,Vanessa,Ellissen,56669.88,PS8005D,ExecutiveClass,EN VUELO
484,Susan,Fitzmaurice,62681.34,EX7718K,FirstClass,DEMORADO
485,Phillipe,Granham,58206.06,AB0898J,ExecutiveClass,EN VUELO
486,Aggi,Tetley,91978.15,YQ0636Q,EconomyClass,EN HORARIO
487,Gaultiero,Belcher,26793.82,NV9022O,EconomyClass,EN VUELO
488,Leora,Mustoo,68736.96,OF8992O,FirstClass,EN VUELO
489,Iorgo,Mayze,23532.91,DP1497Z,ExecutiveClass,DEMORADO
490,Douglass,Pietruschka,72195.61,SK5337S,EconomyClass,ATERRIZADO
491,Franklyn,Keijser,23414.57,HK1130K,EconomyClass,EN HORARIO
492,Rani,Urling,9684.61,WZ0716Q,ExecutiveClass,ATERRIZADO
493,Ulick,Whellans,93751.45,BZ9012N,EconomyClass,EN VUELO
494,Hendrik,Pheasey,10380.15,WX5442S,FirstClass,DEMORADO
495,Emmerich,Rosen,60992.63,JU3742I,FirstClass,EN HORARIO
496,Laurene,Stebbings,33550.83,CY5041O,ExecutiveClass,ATERRIZADO
497,Antonius,Shearmur,85227.67,BO0072M,ExecutiveClass,ATERRIZADO
498,Rosanna,Howgate,15389.82,QQ0781Q,ExecutiveClass,EN VUELO
499,Mathe,Atter,64783.44,NG2529D,FirstClass,DEMORADO
500,Hyacinthe,Cossentine,9787.29,CD7877Q,ExecutiveClass,EN VUELO
501,Paola,Terzo,88174.72,DJ1756X,FirstClass,ATERRIZADO
502,Gaylor,Spyer,15034.99,PW3946X,ExecutiveClass,DEMORADO
503,Amery,Jepps,49522.65,IK2977F,ExecutiveClass,EN HORARIO
504,Carleton,Akram,61329.72,BV9964U,EconomyClass,EN VUELO
505,Querida,Walshe,82794.04,DL8384X,FirstClass,EN VUELO
506,Franzen,Hoyland,23839.35,SL9882V,FirstClass,DEMORADO
507,Athena,Embury,59033.59,NZ2835R,EconomyClass,EN VUELO
508,Janeva,Wohler,59658.24,HB5853Z,FirstClass,ATERRIZADO
509,Odell,Ubsdale,18142.66,BU1127I,EconomyClass,DEMORADO
510,Berkly,O'Canavan,39946.95,GF9942B,EconomyClass,EN VUELO
511,Marcel,Studholme,51491.0,WV4617N,FirstClass,DEMORADO
512,Irvine,Duffield,9645.74,AB9593N,FirstClass,EN HORARIO
513,Andie,Featenby,94950.06,JP8361Q,FirstClass,ATERRIZADO
514,Ermengarde,Roads,41094.81,OG9403L,ExecutiveClass,DEMORADO
515,Man,Huzzay,50901.06,II2560P,ExecutiveClass,ATERRIZADO
516,Forster,Youngs,76813.97,WX7416U,FirstClass,DEMORADO
517,Ramsay,Birtwell,70058.18,JD2300F,EconomyClass,EN VUELO
518,Karna,Whitwood,19955.24,XX4186Y,ExecutiveClass,EN VUELO
519,Bee,Skerman,12290.39,LZ5704X,ExecutiveClass,EN HORARIO
520,Florian,Allwell,84588.89,BR7420I,FirstClass,DEMORADO
521,Horatio,Minihane,92302.1,DT6817A,EconomyClass,EN HORARIO
522,Anatollo,Gammie,33082.75,FV1456Y,EconomyClass,DEMORADO
523,Raymund,Peschke,89070.73,AO0659I,ExecutiveClass,EN HORARIO
524,Stanley,Shrawley,6055.11,NT4687B,ExecutiveClass,DEMORADO
525,Frans,Lorinez,62212.99,XX8768M,EconomyClass,ATERRIZADO
526,Kylynn,Allflatt,36803.99,OX6625N,FirstClass,EN HORARIO
527,Marty,Fireman,5790.09,UY9886S,FirstClass,EN HORARIO
528,Devin,O'Lunney,15954.79,CB4905E,ExecutiveClass,ATERRIZADO
529,Alma,Chaikovski,52447.35,MU7388K,FirstClass,EN HORARIO
530,Trudie,Flaunier,11531.86,YQ3320K,ExecutiveClass,EN VUELO
531,Delila,Degoix,95258.66,RS9004Y,FirstClass,EN VUELO
532,Zacharia,Stobbs,13741.84,SC8213N,FirstClass,ATERRIZADO
533,Morna,Fetherston,91068.16,VH7479E,EconomyClass,ATERRIZADO
534,Chicky,Plott,93123.1,FL7860Z,ExecutiveClass,ATERRIZADO
535,Noelani,Huygens,30116.28,GL0860J,EconomyClass,ATERRIZADO
536,Jennilee,Kelcey,14344.34,WF9890V,ExecutiveClass,EN HORARIO
537,Davide,Suthren,31139.83,HT3767Q,FirstClass,EN VUELO
538,Dotty,Raleston,59441.44,FT1957P,FirstClass,DEMORADO
539,Anna,Braun,77484.74,OY9080C,FirstClass,EN VUELO
540,Christa,Glennard,90494.03,GH2824L,EconomyClass,EN VUELO
541,Deva,Haigh,44457.02,NG7617N,ExecutiveClass,EN HORARIO
542,Rustie,Exposito,36171.22,CL6924J,EconomyClass,EN HORARIO
543,Joane,Whitechurch,89476.39,PO2798G,FirstClass,DEMORADO
544,Hana,Pauletto,77219.85,TF6622U,ExecutiveClass,DEMORADO
545,Berry,Demange,44156.41,WM9204O,EconomyClass,EN HORARIO
546,Marijo,Bonanno,82714.57,BL7756D,EconomyClass,ATERRIZADO
547,Issi,Kears,7859.59,JD2515C,FirstClass,DEMORADO
548,Tabitha,Degan,31053.46,OW5386G,ExecutiveClass,ATERRIZADO
549,Doralin,Deering,90822.51,OL2112D,ExecutiveClass,DEMORADO
550,Georgie,D'Agostini,11088.13,RW2666P,EconomyClass,EN HORARIO
551,Hal,Quarrell,23951.82,JW3649Y,EconomyClass,DEMORADO
552,Wesley,Bleby,89775.78,HW1208M,FirstClass,ATERRIZADO
553,Keven,McGuinness,84958.1,LE9247J,ExecutiveClass,EN VUELO
554,Jannelle,Nizard,16543.54,DG0642J,EconomyClass,EN HORARIO
555,Tyson,Baston,32472.16,UA3278K,ExecutiveClass,ATERRIZADO
556,Tamara,Sanham,87114.32,DB4578Q,ExecutiveClass,EN HORARIO
557,Lynnea,Scowen,76861.49,BQ0297P,ExecutiveClass,EN VUELO
558,Lela,Owenson,34233.69,IH7570W,EconomyClass,ATERRIZADO
559,Shay,Muschette,32534.39,YT3450Z,EconomyClass,ATERRIZADO
560,Kayne,Tolliday,47268.99,OL3993G,ExecutiveClass,EN HORARIO
561,Deerdre,Mungham,73666.67,HH0415D,ExecutiveClass,EN VUELO
562,Obed,Humphrys,10817.61,UV5230Q,ExecutiveClass,EN VUELO
563,Liane,Pedrocco,29935.17,SO8773A,ExecutiveClass,DEMORADO
564,Yves,Creasey,41552.5,EE2235H,EconomyClass,EN HORARIO
565,Haleigh,Hovard,67932.68,LV2953S,FirstClass,EN VUELO
566,Fancie,Lightning,49279.78,MK0782A,EconomyClass,ATERRIZADO
567,Arline,Linford,89876.76,LQ7450Y,ExecutiveClass,EN HORARIO
568,Angelita,Calderbank,80589.13,XY1023Z,ExecutiveClass,EN HORARIO
569,Bax,McQuillin,76767.92,ZK5564T,FirstClass,EN VUELO
570,Shara,Dumberrill,48578.49,LS7093A,FirstClass,DEMORADO
571,Jacenta,Breukelman,88674.35,IP7302Y,ExecutiveClass,DEMORADO
572,Liana,Lynd,84619.02,OI3034F,ExecutiveClass,EN VUELO
573,Christabel,Glazebrook,5207.03,WE6697K,EconomyClass,EN HORARIO
574,Jedediah,Burney,65633.3,KU8398V,ExecutiveClass,EN HORARIO
575,Carmelita,Laight,10223.22,WD2402I,EconomyClass,ATERRIZADO
576,Claresta,Manus,9287.82,AB4638M,EconomyClass,EN HORARIO
577,Gregory,Ranyell,25692.97,GZ3302N,FirstClass,EN HORARIO
578,Ferdinanda,Mangan,98251.31,TN2145O,EconomyClass,ATERRIZADO
579,Denis,Fulcher,88090.56,BI9544L,FirstClass,EN VUELO
580,Marsiella,Aitken,73563.95,WW9438I,FirstClass,EN HORARIO
581,Cari,Tutill,44260.43,TW3272W,FirstClass,ATERRIZADO
582,Violetta,Sickamore,82449.53,CY6808N,EconomyClass,EN VUELO
583,Kordula,Muckian,79213.25,DO5900F,FirstClass,DEMORADO
584,Kailey,Mallya,96804.41,YQ0205E,ExecutiveClass,EN HORARIO
585,Timmie,Allom,64657.87,JQ3365M,FirstClass,ATERRIZADO
586,Tawnya,Mogey,53136.96,WA3012V,EconomyClass,EN HORARIO
587,Milty,Stockdale,33227.17,RG0085R,EconomyClass,EN VUELO
588,Annmarie,Carette,58130.1,BC0216C,FirstClass,ATERRIZADO
589,Chrissy,Ummfrey,45222.78,DW3589A,FirstClass,EN VUELO
590,Cordelie,Palffy,33913.84,RW3806Y,ExecutiveClass,ATERRIZADO
591,Vinson,Sandle,31005.43,PE5185O,EconomyClass,DEMORADO
592,Marilyn,Worgen,17089.24,HJ9692Z,FirstClass,ATERRIZADO
593,Kirby,Corkitt,59316.23,EJ6966G,EconomyClass,EN HORARIO
594,Panchito,Nisby,57484.54,VE0591H,ExecutiveClass,EN HORARIO
595,Coretta,Moorcraft,34333.26,JJ3854Y,ExecutiveClass,EN VUELO
596,Ricardo,Filyaev,60772.28,XE9587N,FirstClass,DEMORADO
597,Rosanna,Garmons,76251.21,DW5065W,EconomyClass,EN VUELO
598,Johanna,Jamieson,13474.42,HN2688O,FirstClass,ATERRIZADO
599,Roselia,Wenn,32106.35,QZ6234B,FirstClass,DEMORADO
600,Flynn,Tillyer,13557.48,EL7232P,EconomyClass,EN HORARIO
601,Liam,Braiden,28921.27,OQ4387N,EconomyClass,DEMORADO
602,Alvie,Keepence,28065.6,CZ9227J,ExecutiveClass,DEMORADO
603,Zak,Thirwell,98560.98,ME0890Y,ExecutiveClass,DEMORADO
604,Isidor,Lorrie,56675.05,FK8419X,ExecutiveClass,EN HORARIO
605,Antin,Tonbridge,76966.41,AX5925F,ExecutiveClass,EN VUELO
606,Anett,Hallewell,17143.99,WE9018A,ExecutiveClass,EN VUELO
607,Pacorro,Norgan,63124.62,NL4982K,FirstClass,EN HORARIO
608,Roxie,Gutcher,76904.52,QK7168J,ExecutiveClass,EN HORARIO
609,Laird,Hunstone,39717.09,GT2594F,ExecutiveClass,DEMORADO
610,Joye,Late,69334.79,GF4087K,EconomyClass,ATERRIZADO
611,Gerrilee,Caudrey,16691.58,DX2104O,FirstClass,DEMORADO
612,Dorisa,Asaaf,68606.07,YV5581E,EconomyClass,EN HORARIO
613,Laurence,Cantle,88914.93,QD8831J,FirstClass,EN HORARIO
614,Dolorita,Kener,80172.9,DY4061A,EconomyClass,DEMORADO
615,Fredra,O'Malley,50344.97,DF0904X,FirstClass,EN HORARIO
616,Jamie,Boggon,7973.93,VF5306S,FirstClass,ATERRIZADO
617,Joyan,Luety,19259.42,QQ2364T,ExecutiveClass,ATERRIZADO
618,Isabelita,Joinson,80307.02,CW7044H,EconomyClass,DEMORADO
619,Swen,Marielle,79205.66,VH4405Y,ExecutiveClass,EN HORARIO
620,Annie,Dinsell,91911.57,XM8733U,FirstClass,EN VUELO
621,Monty,Paulin,29319.12,ZO8323H,FirstClass,DEMORADO
622,Minor,Josefsohn,97843.58,MA4919W,FirstClass,EN HORARIO
623,Anselm,Steptoe,53026.06,GR6940P,ExecutiveClass,EN VUELO
624,Saul,Ayers,67511.92,DO0056J,EconomyClass,EN HORARIO
625,Ron,Greguoli,35104.45,ZA2351P,EconomyClass,DEMORADO
626,Rodi,Twinbourne,77972.54,OY4360A,FirstClass,EN HORARIO
627,Mitchael,Causer,90223.16,FH5010X,EconomyClass,DEMORADO
628,Sloane,Durante,6058.53,BZ7173I,FirstClass,DEMORADO
629,Cori,Sazio,30906.92,VY6372I,EconomyClass,DEMORADO
630,Ansley,Dedney,8735.16,MG8667J,FirstClass,DEMORADO
631,Mamie,Goodhand,27325.48,RF2965H,FirstClass,EN HORARIO
632,Gearard,Ewens,15473.37,FL3452F,ExecutiveClass,ATERRIZADO
633,Stavro,Dafter,58556.05,NT2889D,ExecutiveClass,ATERRIZADO
634,Stesha,Rizzelli,19290.54,RC6816A,EconomyClass,EN VUELO
635,Kelcy,Samuels,44397.82,YS1304V,EconomyClass,EN VUELO
636,Shelba,Caseley,55864.41,KH1263Q,ExecutiveClass,DEMORADO
637,Fran,Whisker,83316.0,QB3591K,EconomyClass,ATERRIZADO
638,Nataniel,Lobb,16852.52,SD6076Z,FirstClass,DEMORADO
639,Rozella,Dollimore,17552.27,UF9914X,ExecutiveClass,EN HORARIO
640,Pattin,Bambridge,84214.42,KZ2865A,EconomyClass,EN VUELO
641,Jasmin,Bursnell,96646.47,TY4733S,ExecutiveClass,EN VUELO
642,Elihu,Klimsch,15675.58,UR8649K,FirstClass,EN VUELO
643,Karole,Ivanyushin,70093.0,OM8633Y,FirstClass,ATERRIZADO
644,Ebonee,Humphris,26484.13,UL5403X,ExecutiveClass,DEMORADO
645,Dolley,Alejo,48650.1,KM1265N,EconomyClass,EN VUELO
646,Sutherlan,Tretter,95716.4,DJ0334R,EconomyClass,ATERRIZADO
647,Flory,Vaan,69234.62,GX3008I,EconomyClass,ATERRIZADO
648,Marcia,Kempster,21663.45,SQ4299A,EconomyClass,EN VUELO
649,Hunt,Rockcliff,98237.31,UI6846U,EconomyClass,EN HORARIO
650,Garfield,Birdwhistell,69063.48,NT6236K,ExecutiveClass,ATERRIZADO
651,Georges,Ingarfield,80215.6,FL7857D,FirstClass,EN VUELO
652,Malorie,Larvin,79542.41,LT9511N,FirstClass,EN HORARIO
653,Herb,Cheevers,90821.09,QT4563K,FirstClass,ATERRIZADO
654,Arlan,Perrone,46611.75,SD1356K,EconomyClass,EN HORARIO
655,Arlen,Brach,89347.82,JA7148T,EconomyClass,DEMORADO
656,Nyssa,Petruszka,83062.15,BP4605B,EconomyClass,EN HORARIO
657,Derron,Chesher,64489.1,XJ6771B,ExecutiveClass,EN HORARIO
658,Renate,Sitlinton,23071.31,DV3362D,ExecutiveClass,EN VUELO
659,Bernice,Streatley,71993.95,TD0139P,ExecutiveClass,DEMORADO
660,Mar,Startin,79565.21,JF9643R,EconomyClass,EN VUELO
661,Auroora,Upcraft,20206.82,TD0464Q,ExecutiveClass,DEMORADO
662,Kassie,Yardley,20716.63,JB3706K,FirstClass,EN HORARIO
663,Madlin,Dalrymple,35124.22,KE2232Y,FirstClass,DEMORADO
664,Herta,Callendar,73026.52,JE0903W,FirstClass,ATERRIZADO
665,Ken,Rudkin,47098.21,PB0954G,ExecutiveClass,ATERRIZADO
666,Ade,Rubenfeld,28757.11,HM9916S,ExecutiveClass,DEMORADO
667,Grata,Cleeton,76461.65,OY4861T,ExecutiveClass,ATERRIZADO
668,Hally,Lavery,76166.92,SK1544P,ExecutiveClass,EN VUELO
669,Damaris,Canham,75159.07,RF0226J,ExecutiveClass,EN VUELO
670,Linn,Minguet,21623.02,DI2836U,ExecutiveClass,DEMORADO
671,Desmond,McCrow,68233.09,QZ1190Y,ExecutiveClass,EN HORARIO
672,Harbert,Mustill,24424.97,GM2572V,FirstClass,EN HORARIO
673,Biron,Chittie,34669.67,VF5529L,EconomyClass,ATERRIZADO
674,Omar,Moine,53817.16,VW8036X,FirstClass,EN HORARIO
675,Cassie,Angove,20578.58,FL0297Z,FirstClass,EN VUELO
676,Isa,MacCosty,6494.93,RT7166E,ExecutiveClass,EN HORARIO
677,Lucretia,Carver,7981.79,EY2762T,FirstClass,EN VUELO
678,Cord,Bulfoot,87902.46,HP8174W,FirstClass,EN VUELO
679,Graig,Luciani,34244.46,RP3960N,ExecutiveClass,ATERRIZADO
680,Sheeree,Widdowfield,74322.05,CU2981J,EconomyClass,ATERRIZADO
681,Tracie,Teape,24070.54,XF7411I,ExecutiveClass,EN HORARIO
682,Reena,Bulman,61427.9,VP9737I,FirstClass,EN HORARIO
683,Stanton,Blindt,25057.78,KS0217P,ExecutiveClass,DEMORADO
684,Minna,Beggini,62719.62,HP0273Q,EconomyClass,EN VUELO
685,Marylin,Akam,84124.85,XX4423K,FirstClass,EN VUELO
686,Pammie,Crippell,40331.35,CI9037Y,EconomyClass,DEMORADO
687,Rey,Seneschal,91269.69,TW0454Q,ExecutiveClass,ATERRIZADO
688,Reamonn,Lantoph,78608.1,TU2544H,EconomyClass,EN HORARIO
689,Bernadene,Horribine,37094.11,JU4035T,FirstClass,DEMORADO
690,Clemmy,Doiley,11666.24,SR0622R,EconomyClass,EN VUELO
691,Lovell,Sellack,82038.62,ZC4379O,ExecutiveClass,EN HORARIO
692,Ted,Jeanel,61304.41,MO6362I,FirstClass,ATERRIZADO
693,Malia,Gowdridge,37649.09,RT7185O,FirstClass,EN VUELO
694,Valera,Heinsh,27679.6,FA9654G,ExecutiveClass,EN HORARIO
695,Anica,Cohan,86327.1,CH7187D,FirstClass,EN VUELO
696,Randy,Gilbey,10232.15,XF9169O,EconomyClass,ATERRIZADO
697,Sally,Mathis,90424.71,MN9402F,FirstClass,ATERRIZADO
698,Cherida,Bartlett,42504.67,BP8697H,EconomyClass,ATERRIZADO
699,Fifine,Newrick,56838.25,QE3393H,FirstClass,DEMORADO
700,Kip,Matthisson,96058.79,XW2645S,ExecutiveClass,DEMORADO
701,Gardener,Tofanini,74400.19,ID2095U,EconomyClass,EN VUELO
702,Ralina,Thraves,22288.59,PY6278Y,EconomyClass,EN VUELO
703,Ralf,Paulet,68082.99,HQ9935U,ExecutiveClass,EN HORARIO
704,Stefania,Gernier,67844.33,HT4880K,FirstClass,ATERRIZADO
705,Sandye,Creek,14934.91,FN4541R,FirstClass,DEMORADO
706,Roch,Robley,54342.49,ZY0810I,EconomyClass,EN VUELO
707,Jakob,Tempest,82294.02,RP9305V,ExecutiveClass,EN HORARIO
708,Alvan,Marrian,13946.39,UU9559K,EconomyClass,EN HORARIO
709,Sybila,Mathison,93703.94,TO0108D,FirstClass,EN VUELO
710,Duffie,Postans,56608.54,RJ4340Z,ExecutiveClass,ATERRIZADO
711,Dru,Amner,50832.58,HR6429Y,ExecutiveClass,ATERRIZADO
712,Minda,Cray,97405.38,KN8285G,FirstClass,DEMORADO
713,Ody,Heatly,75507.88,OY6672B,FirstClass,EN HORARIO
714,Janis,Cotherill,62413.36,HF9512Z,EconomyClass,EN HORARIO
715,Shadow,Twyning,19909.95,ZS8341V,EconomyClass,ATERRIZADO
716,Piper,Galiero,36525.05,FG4465O,EconomyClass,DEMORADO
717,Fonzie,Renbold,83528.85,RS9956Q,ExecutiveClass,EN VUELO
718,Morly,Basil,83598.62,ZH5578Y,FirstClass,ATERRIZADO
719,Kitti,Shalders,72034.13,JY1037Y,EconomyClass,EN VUELO
720,Annice,Jennemann,83327.17,OZ9648C,FirstClass,DEMORADO
721,Kellia,Ollet,18048.87,YY0527Q,ExecutiveClass,EN VUELO
722,Kerr,Korejs,34827.57,XX2329W,ExecutiveClass,EN VUELO
723,Jeremiah,Kingsworth,78678.31,KI3155U,EconomyClass,EN VUELO
724,Stephine,Gatus,24871.5,XQ3090T,FirstClass,ATERRIZADO
725,Arch,Breese,91928.98,ZD8498C,EconomyClass,ATERRIZADO
726,Ingmar,Leidecker,21689.56,HR4005C,FirstClass,ATERRIZADO
727,Karlene,Quartly,57134.87,AZ0440L,FirstClass,ATERRIZADO
728,Sarge,Loveard,40369.38,LV7065O,ExecutiveClass,DEMORADO
729,Riley,Kindley,56400.18,RY9915W,FirstClass,EN VUELO
730,Ara,Milmith,91392.25,FX1671X,EconomyClass,DEMORADO
731,Friederike,Dismore,43511.85,GY1601V,ExecutiveClass,DEMORADO
732,Johna,Redgate,85616.01,OG8440G,FirstClass,ATERRIZADO
733,Haze,Feckey,75391.46,PC0701Z,FirstClass,EN VUELO
734,Conny,Tidswell,35627.04,ZI7270U,FirstClass,ATERRIZADO
735,Lexine,Yurchishin,8265.42,XD0639R,ExecutiveClass,EN HORARIO
736,Isador,Galier,35491.29,YP2083J,ExecutiveClass,EN VUELO
737,Garnette,Devanney,47464.22,EZ5086A,ExecutiveClass,DEMORADO
738,Ericha,Boughtflower,41188.61,TM9827H,FirstClass,EN HORARIO
739,Morgan,Farthin,63383.71,KY2322Y,EconomyClass,ATERRIZADO
740,Waneta,Gingle,13959.89,RU4963R,FirstClass,EN VUELO
741,Molli,Penreth,39887.65,YF4014N,EconomyClass,EN HORARIO
742,Babb,Hurry,11544.97,AS8744P,FirstClass,EN HORARIO
743,Natasha,Gilman,55935.67,TR1387I,ExecutiveClass,DEMORADO
744,Edwina,Tight,47091.43,IL5576O,ExecutiveClass,ATERRIZADO
745,Rozelle,Stoke,96720.71,ZW1593A,ExecutiveClass,ATERRIZADO
746,Maggi,Steanyng,53270.52,TW4400B,ExecutiveClass,EN VUELO
747,Worth,Shirrell,65919.34,JP1666Q,EconomyClass,ATERRIZADO
748,Evangelin,Indruch,33383.19,LQ8187B,ExecutiveClass,DEMORADO
749,Nikola,Divill,71767.83,GN7766X,EconomyClass,EN VUELO
750,Jud,Flecknoe,6837.4,SJ4440R,EconomyClass,ATERRIZADO
751,Zitella,Owens,33141.89,NR3953T,FirstClass,ATERRIZADO
752,Bailey,Mashro,59012.94,HA6954B,ExecutiveClass,EN HORARIO
753,Marlee,Sherebrooke,99880.3,HD0854L,ExecutiveClass,DEMORADO
754,Karilynn,Rosensaft,59827.2,OE0521A,EconomyClass,DEMORADO
755,Emlyn,McFadden,57202.85,JP6937Y,FirstClass,ATERRIZADO
756,Casie,Hulett,37456.91,QE9128X,EconomyClass,EN VUELO
757,Agnella,Yeend,99734.15,UX6637J,FirstClass,EN VUELO
758,Gwenneth,Warlton,14519.89,BS1611Y,EconomyClass,EN HORARIO
759,Constantine,Antwis,96069.07,YY2147O,EconomyClass,EN VUELO
760,Deck,Kollaschek,33185.54,DF1780E,EconomyClass,EN HORARIO
761,Candie,Clappson,15650.76,TS5418M,EconomyClass,DEMORADO
762,Shanna,Ivy,37385.23,LV3912O,FirstClass,DEMORADO
763,Karyl,O'Hallagan,93711.56,EO5161B,ExecutiveClass,EN HORARIO
764,Dexter,Millsap,5838.31,VQ8419J,FirstClass,EN VUELO
765,Delila,Kroon,15265.65,CX1019E,FirstClass,ATERRIZADO
766,Sidney,Eliot,81276.02,LF3580M,FirstClass,ATERRIZADO
767,Trumaine,Kenworth,82885.64,CS3410M,ExecutiveClass,DEMORADO
768,Xenia,Trundle,28390.25,QS2066R,EconomyClass,DEMORADO
769,Delmor,Boissieux,96241.16,IP9058X,ExecutiveClass,EN HORARIO
770,Gwyneth,Milstead,80610.26,UQ5724W,FirstClass,ATERRIZADO
771,Briano,Millery,99041.14,SH5879I,EconomyClass,ATERRIZADO
772,Lucius,Broome,95599.24,PO2579A,FirstClass,EN HORARIO
773,Celestyn,Hazeley,35625.0,DN1391C,FirstClass,DEMORADO
774,Adelice,Knell,68253.54,JY5370S,ExecutiveClass,DEMORADO
775,Traci,Janz,18311.08,KB7804D,FirstClass,EN HORARIO
776,Louisette,Dorracott,62166.36,JE8178N,ExecutiveClass,DEMORADO
777,Darby,Chesser,52332.54,CD7608C,EconomyClass,EN VUELO
778,Astrix,Lafflin,48034.65,KZ9424M,FirstClass,ATERRIZADO
779,Demetris,Jacobovitch,19950.5,SL7304Y,ExecutiveClass,EN VUELO
780,Gayel,Challiss,86432.05,VY7540Z,EconomyClass,EN HORARIO
781,Arlyne,Donnellan,71907.85,MN0010B,FirstClass,EN VUELO
782,Marlena,Novello,10703.0,OV0264M,EconomyClass,ATERRIZADO
783,Eduard,Hitzke,16846.16,VO2798L,EconomyClass,DEMORADO
784,Claiborne,Galle,50463.13,WJ3813F,EconomyClass,DEMORADO
785,Laney,Poston,8050.39,NK7771E,EconomyClass,ATERRIZADO
786,Saundra,Iohananof,93150.24,KX6409F,ExecutiveClass,DEMORADO
787,Colas,Stowers,50690.92,IZ1557I,ExecutiveClass,ATERRIZADO
788,Freida,Crankhorn,92597.07,WR0676A,ExecutiveClass,DEMORADO
789,Francine,Jacomb,24105.19,MJ6016M,ExecutiveClass,DEMORADO
790,Hayes,McQuaker,43780.8,FJ3259B,FirstClass,EN VUELO
791,Tate,Woodhams,26071.53,KD2662F,ExecutiveClass,ATERRIZADO
792,Benedicto,Broadey,29970.56,QL4850D,FirstClass,EN HORARIO
793,Chrissie,Hoble,21816.55,XG6611S,FirstClass,EN VUELO
794,Daloris,Gabe,27724.34,WV9255M,FirstClass,DEMORADO
795,Selma,Adess,64976.93,RV0367U,EconomyClass,EN HORARIO
796,Arman,Truitt,16139.25,UH7463Q,EconomyClass,EN VUELO
797,Jodie,Gergolet,43911.97,HZ5670R,ExecutiveClass,DEMORADO
798,Kora,Rangell,97561.2,XR9781B,EconomyClass,DEMORADO
799,Harrison,Cescot,16663.11,DP0144W,EconomyClass,EN VUELO
800,Sharlene,Seabon,88007.39,YY5724K,FirstClass,ATERRIZADO
801,Jewelle,Weedon,10104.47,ZZ9882Z,ExecutiveClass,EN HORARIO
802,Chiquia,Quillinane,36452.31,GQ0936Q,FirstClass,ATERRIZADO
803,Albie,Cragell,19101.19,LQ4899Y,EconomyClass,ATERRIZADO
804,Sauveur,Dunguy,26811.95,QK5778P,EconomyClass,ATERRIZADO
805,Cleveland,Selwin,23109.05,JX4060O,EconomyClass,DEMORADO
806,Des,Janauschek,60506.14,NR5907F,ExecutiveClass,EN HORARIO
807,Sheffield,Wayland,67076.49,QL2885I,ExecutiveClass,EN HORARIO
808,Sigfried,Ord,24045.97,ZJ2032G,EconomyClass,EN HORARIO
809,Ervin,Gorvette,81663.25,KX6045H,EconomyClass,DEMORADO
810,Annora,Gitsham,47034.59,YD8966C,FirstClass,EN HORARIO
811,Genovera,Lisciardelli,48334.16,LO7160T,EconomyClass,EN HORARIO
812,Randal,Deavall,75192.31,TZ5664V,ExecutiveClass,EN HORARIO
813,Edvard,Jewkes,49408.66,LZ4695Y,EconomyClass,EN HORARIO
814,Arlette,Josifovitz,57519.67,CB3967H,FirstClass,EN VUELO
815,Giovanna,Laver,87206.75,GM1466O,ExecutiveClass,DEMORADO
816,Neron,Mennear,67072.13,RD6639L,FirstClass,EN HORARIO
817,Bing,Gorrick,34153.79,DW9677V,ExecutiveClass,EN VUELO
818,Dede,Minett,42600.25,VD9298L,FirstClass,EN HORARIO
819,Reilly,Syratt,32611.7,HO5272G,FirstClass,EN VUELO
820,Rosamond,Massenhove,47958.85,XH0991E,FirstClass,EN HORARIO
821,Filide,Prall,29130.95,PH3861S,EconomyClass,EN VUELO
822,Trix,Ierland,57453.62,KF4500M,ExecutiveClass,EN HORARIO
823,Kory,Foister,37632.63,WO2755E,ExecutiveClass,EN HORARIO
824,Barbey,Benham,14093.67,IK3276W,EconomyClass,EN HORARIO
825,Donnajean,Sinnock,92290.84,XL1699M,EconomyClass,EN HORARIO
826,Ave,Clarson,15321.76,XQ4744M,EconomyClass,EN HORARIO
827,Chrissie,Squibbes,9203.91,GZ2397E,ExecutiveClass,ATERRIZADO
828,Bernarr,Inskipp,75335.26,XC1603Z,FirstClass,EN VUELO
829,Mei,Josskowitz,19880.64,PM2541E,EconomyClass,ATERRIZADO
830,Francois,Lester,68660.35,FI1966D,ExecutiveClass,DEMORADO
831,Theobald,Philbrick,72231.48,OE2691G,FirstClass,EN VUELO
832,Candida,Banbrick,52437.2,VW2375N,EconomyClass,ATERRIZADO
833,Sandi,Winslade,30214.92,XK9672M,ExecutiveClass,ATERRIZADO
834,Renaud,Vittery,31056.39,UK7199R,FirstClass,DEMORADO
835,Courtenay,Poulsom,35869.74,NC9890P,ExecutiveClass,DEMORADO
836,Anna-maria,Wathan,17744.02,TA7310V,FirstClass,EN VUELO
837,Clayson,Tankin,33579.63,KI8183N,FirstClass,EN HORARIO
838,Saunder,Arnett,39656.02,AM5656J,FirstClass,ATERRIZADO
839,Cecilla,Blacket,38207.41,LF0023I,ExecutiveClass,ATERRIZADO
840,Stacee,Wicklin,87385.61,SL6959Q,EconomyClass,EN VUELO
841,Christa,Novis,39155.74,PM8517N,EconomyClass,EN VUELO
842,Reinhard,Warbrick,73359.73,NG8888U,ExecutiveClass,DEMORADO
843,Ev,Kordovani,73660.17,ZK0172J,ExecutiveClass,DEMORADO
844,Arvy,Atkirk,94446.34,QW2355M,ExecutiveClass,DEMORADO
845,Arch,Jakes,46761.17,ER8582H,ExecutiveClass,ATERRIZADO
846,Brandise,Hambly,47688.39,GR3588D,FirstClass,ATERRIZADO
847,Sisely,Dooland,18587.0,TM7429D,EconomyClass,EN VUELO
848,Dilan,Ashleigh,39108.77,JG2776T,EconomyClass,ATERRIZADO
849,Sheela,Kinastan,93902.27,LS5468P,FirstClass,DEMORADO
850,Jarvis,Jerrans,88149.5,XB9579F,ExecutiveClass,ATERRIZADO
851,Cory,Crooke,99643.13,YQ1876V,EconomyClass,ATERRIZADO
852,Blake,Woodger,71272.35,MT3796H,ExecutiveClass,DEMORADO
853,Toni,Nono,38740.65,TS8974S,FirstClass,DEMORADO
854,Claudetta,Peschka,9868.5,NP4610Y,ExecutiveClass,ATERRIZADO
855,Elonore,Gilli,79767.43,TK4937B,FirstClass,EN HORARIO
856,Jules,Cicculi,13880.41,FI2168E,EconomyClass,DEMORADO
857,Fredrick,Chritchlow,19317.32,VD7830R,ExecutiveClass,ATERRIZADO
858,Naomi,Grewar,99575.21,EQ3684R,ExecutiveClass,DEMORADO
859,Sisile,Tidcombe,65466.31,XJ9322B,ExecutiveClass,DEMORADO
860,Mehetabel,MacAlpyne,84873.09,BW7986O,ExecutiveClass,DEMORADO
861,Timothea,Timpany,54841.91,TY2864O,EconomyClass,EN HORARIO
862,Chloe,Impleton,55294.44,ES2512Q,ExecutiveClass,DEMORADO
863,Stacee,Dedman,64160.45,WR2241S,FirstClass,EN HORARIO
864,Lanae,Grenfell,98337.83,CI0870U,EconomyClass,EN HORARIO
865,Steffie,Goldthorpe,43205.18,JY9868O,EconomyClass,EN HORARIO
866,Camey,Jameson,24616.12,MM8820A,EconomyClass,ATERRIZADO
867,Carmita,Aggis,42221.57,QB2586P,ExecutiveClass,EN VUELO
868,Rancell,Robun,54287.61,IG7820X,FirstClass,ATERRIZADO
869,Lee,Gair,93939.46,HE2318G,FirstClass,EN HORARIO
870,Rayna,Innis,20803.29,WG4392Y,EconomyClass,DEMORADO
871,Trix,Bowser,65745.59,OR5509C,ExecutiveClass,ATERRIZADO
872,Abey,Brass,95406.27,PO2007Q,ExecutiveClass,DEMORADO
873,Licha,Beechcraft,97889.23,WD7686F,FirstClass,DEMORADO
874,Lona,Ridde,5819.82,RZ7115H,ExecutiveClass,DEMORADO
875,Rooney,Magarrell,7326.64,SC1697D,FirstClass,ATERRIZADO
876,Gael,Tearle,68246.07,EX4380A,EconomyClass,DEMORADO
877,Gaultiero,Lanigan,31347.15,ER7008A,EconomyClass,EN HORARIO
878,Florenza,Tull,10057.88,MV0579F,EconomyClass,ATERRIZADO
879,Trudey,Shuttlewood,49033.27,SZ5160A,ExecutiveClass,EN VUELO
880,Alethea,Mapp,20863.7,YN8500F,ExecutiveClass,EN VUELO
881,Fenelia,Guerreau,24444.72,CR0126X,EconomyClass,ATERRIZADO
882,Camilla,Eads,75918.0,HH6225L,FirstClass,DEMORADO
883,Dionis,Saint,72856.19,QT1501H,ExecutiveClass,EN VUELO
884,Natty,Harby,31832.04,RB9689F,EconomyClass,DEMORADO
885,Tabatha,Moakes,76600.59,IC1664W,EconomyClass,EN HORARIO
886,Cornelius,Presswell,61102.12,IQ2276U,EconomyClass,EN VUELO
887,Rosa,Romi,57586.42,NT8541C,FirstClass,ATERRIZADO
888,Kelsi,Warland,37282.88,AB7918B,FirstClass,EN VUELO
889,Rasia,Ferrand,48373.39,PR2479K,ExecutiveClass,ATERRIZADO
890,Deni,Rumble,15097.94,ZR4877B,EconomyClass,DEMORADO
891,Rikki,Tann,53657.08,MO6424X,ExecutiveClass,EN HORARIO
892,Warden,McClaughlin,30492.58,GQ2195T,FirstClass,DEMORADO
893,Sharleen,Poulett,67380.16,PC1439R,ExecutiveClass,EN VUELO
894,Elbert,Cleaver,27962.95,SB6408Q,ExecutiveClass,EN VUELO
895,Felisha,Portchmouth,50519.54,ZB6057T,EconomyClass,DEMORADO
896,Elijah,Blumsom,83770.36,AR6153N,EconomyClass,EN HORARIO
897,Hirsch,Bessant,44979.42,BX8734D,EconomyClass,EN HORARIO
898,Bonnibelle,Burdell,13840.64,NO8132K,EconomyClass,ATERRIZADO
899,Sampson,Weepers,26260.91,ZU1727B,EconomyClass,DEMORADO
900,Yvette,Pawelke,77193.89,QM5962A,ExecutiveClass,EN HORARIO
901,Ugo,Libri,97034.84,KU1523D,EconomyClass,EN HORARIO
902,Brad,Perkis,72784.86,DP7278I,FirstClass,ATERRIZADO
903,Petrina,Bachs,99023.28,BR4861H,ExecutiveClass,ATERRIZADO
904,Jilli,Drescher,76398.35,MT4182T,ExecutiveClass,EN HORARIO
905,Justis,Hyam,46786.98,YM2450D,ExecutiveClass,DEMORADO
906,Bertie,Pedracci,78851.85,TR2715R,EconomyClass,EN HORARIO
907,Francine,Mowbray,27974.62,KH9546W,FirstClass,ATERRIZADO
908,Francine,Tappington,70822.92,EF2331G,ExecutiveClass,EN VUELO
909,Kris,Guillond,75780.63,OL9610K,FirstClass,ATERRIZADO
910,Winfield,Insoll,70195.09,GO8734H,EconomyClass,ATERRIZADO
911,Cyndia,Mabe,60568.46,NV5581Q,EconomyClass,DEMORADO
912,Kris,Choffin,50796.78,ZL9709G,FirstClass,DEMORADO
913,Denni,Crosher,60346.74,XX4675L,EconomyClass,ATERRIZADO
914,Bobbie,Panter,55242.46,FJ7916C,FirstClass,ATERRIZADO
915,Tressa,McLafferty,55823.13,XF1966K,ExecutiveClass,ATERRIZADO
916,Sandie,Penswick,96764.0,DC1343P,FirstClass,EN HORARIO
917,Annie,Zanolli,32935.87,YK9278Q,FirstClass,DEMORADO
918,Bealle,Garfoot,50038.83,LP2889U,EconomyClass,EN HORARIO
919,Annmarie,Reddlesden,83609.44,XL2584U,FirstClass,EN VUELO
920,Jobina,Row,26319.47,IC6979X,ExecutiveClass,ATERRIZADO
921,Emmott,Thams,55008.76,ED7736T,EconomyClass,EN HORARIO
922,Stirling,Jotham,22447.8,TO3225N,EconomyClass,ATERRIZADO
923,Charline,Manford,58359.22,XH9861E,EconomyClass,EN HORARIO
924,Betti,Huyhton,27337.49,DC9340V,FirstClass,DEMORADO
925,Wynnie,Berrygun,47663.61,GF7469P,ExecutiveClass,EN VUELO
926,Giffer,McAneny,17183.76,JD5466R,FirstClass,ATERRIZADO
927,Cheri,Follows,61798.47,VI8508S,ExecutiveClass,EN VUELO
928,Pip,Cheavin,62085.39,TO4892K,ExecutiveClass,EN HORARIO
929,Maisey,Vinter,49065.3,YQ9746X,ExecutiveClass,ATERRIZADO
930,Linell,Volonte,59511.12,NZ5460B,EconomyClass,DEMORADO
931,Westbrook,Wooles,78710.25,FK6926V,ExecutiveClass,DEMORADO
932,Lyndsie,Tift,79713.31,YJ5236V,FirstClass,EN VUELO
933,Cami,Breitler,75700.56,VY3920Z,ExecutiveClass,ATERRIZADO
934,Cole,Slainey,33623.11,MU5024N,ExecutiveClass,EN HORARIO
935,Jenni,McComish,32772.03,DZ7863R,EconomyClass,ATERRIZADO
936,Gregorio,De Filippis,34046.79,SZ6967J,FirstClass,ATERRIZADO
937,Niels,Pulfer,50976.01,OS8009F,EconomyClass,EN VUELO
938,Pierce,Brimilcombe,93122.12,QS7169H,ExecutiveClass,DEMORADO
939,Eolande,Maymond,66372.33,SS8706Y,ExecutiveClass,DEMORADO
940,Clare,Philippon,27430.68,EC0364N,FirstClass,ATERRIZADO
941,Heindrick,Tolworthie,28483.25,JU9018G,FirstClass,DEMORADO
942,Gordan,Arrandale,14080.49,FX1262M,EconomyClass,DEMORADO
943,Mortie,Crowne,25225.74,HB3207X,EconomyClass,EN VUELO
944,Gerome,Anyon,23079.6,VQ5797F,FirstClass,ATERRIZADO
945,Cris,Tolliday,50063.24,KA9405I,EconomyClass,ATERRIZADO
946,Corrinne,Sineath,24996.62,SB1714O,EconomyClass,EN VUELO
947,Jonie,Franciotti,53138.31,SH4957Y,EconomyClass,EN HORARIO
948,Friedrich,Widocks,24343.05,BM6691D,FirstClass,EN VUELO
949,Clarence,Williamson,19608.92,NE8580W,FirstClass,ATERRIZADO
950,Sibylle,Gurnee,93533.08,EK3882M,FirstClass,DEMORADO
951,Clemmie,Lamers,19971.64,BY7710M,ExecutiveClass,DEMORADO
952,Kelley,Delacroux,26175.72,NL9765Q,FirstClass,DEMORADO
953,Max,Carden,64333.15,CH8375H,ExecutiveClass,ATERRIZADO
954,Ashli,Bremner,33895.62,KM0176S,EconomyClass,DEMORADO
955,Dawn,Wonfor,19024.65,HV6559K,FirstClass,EN HORARIO
956,Cosette,Toffanelli,56951.55,UY3110G,EconomyClass,ATERRIZADO
957,Clerissa,Nobriga,35917.1,IS6817A,FirstClass,EN HORARIO
958,Kristoffer,Harkess,11258.17,MX0282H,FirstClass,EN VUELO
959,Jo,Cristoferi,47787.0,JA2440J,ExecutiveClass,DEMORADO
960,Garv,Kermannes,63420.17,UZ8887F,ExecutiveClass,ATERRIZADO
961,Tisha,Dracksford,89033.51,ZL5013C,EconomyClass,DEMORADO
962,Jone,Linfitt,53533.28,KA4141W,FirstClass,EN VUELO
963,Marni,Brusby,75912.1,YY4221X,ExecutiveClass,EN HORARIO
964,Goldina,Hockell,80525.81,FJ6543H,EconomyClass,EN HORARIO
965,Berny,Bavin,78793.56,HL8685X,EconomyClass,EN HORARIO
966,Amelina,Gravatt,62023.32,YX3930D,FirstClass,DEMORADO
967,Leanor,Jayume,9511.42,OF9437K,FirstClass,EN VUELO
968,Vassily,Hatt,51196.79,HB7844A,EconomyClass,EN VUELO
969,Patsy,Magrannell,18738.08,WQ8128V,FirstClass,DEMORADO
970,Linea,Scurry,17906.48,SW9696L,FirstClass,DEMORADO
971,Anet,Meighan,8312.57,FI6913M,EconomyClass,ATERRIZADO
972,Nichol,Pavese,9747.17,HF9475C,EconomyClass,EN HORARIO
973,Ashil,Payton,27344.11,ML4297X,EconomyClass,EN HORARIO
974,Mandi,Maryan,55292.66,OA0678F,ExecutiveClass,DEMORADO
975,Deane,Lie,40516.47,FB2786Y,FirstClass,ATERRIZADO
976,Holly,Jee,86387.03,IS0475L,EconomyClass,EN HORARIO
977,Lenard,Dik,81467.78,DC8163V,ExecutiveClass,EN HORARIO
978,Nataline,Lourens,49968.79,CW1802X,FirstClass,DEMORADO
979,Pegeen,Gofforth,93438.06,WK1113Z,ExecutiveClass,EN VUELO
980,Curtis,Tippin,84867.78,ER2034A,ExecutiveClass,DEMORADO
981,Marlin,Bownass,46720.77,DV3950M,FirstClass,EN HORARIO
982,Jerrilyn,Dade,80678.91,JT1021G,ExecutiveClass,ATERRIZADO
983,Suellen,Kinloch,83754.46,ZD9695S,EconomyClass,EN VUELO
984,Lynne,Stanes,78058.31,II0041S,ExecutiveClass,EN HORARIO
985,Sargent,Yarnton,8864.13,II9024W,EconomyClass,ATERRIZADO
986,Fania,Whickman,73725.2,CD9535Y,ExecutiveClass,DEMORADO
987,Frederick,Steward,61256.75,IQ9625V,ExecutiveClass,EN HORARIO
988,Alphonse,Sandiford,25257.86,PS8611U,EconomyClass,ATERRIZADO
989,Lindsey,Yukhtin,23858.3,DZ4844V,EconomyClass,ATERRIZADO
990,Wolf,Ambrozik,90855.23,ZU7102U,FirstClass,EN VUELO
991,Etan,Kynan,76854.62,BF9201W,EconomyClass,EN HORARIO
992,Adrianne,MacCard,37492.38,IB3635X,ExecutiveClass,EN HORARIO
993,Trenna,Halksworth,22752.35,SQ0230A,ExecutiveClass,EN HORARIO
994,Donnell,Carhart,64874.18,UF0149F,ExecutiveClass,EN HORARIO
995,Vite,Elderton,83245.87,WE8437R,ExecutiveClass,DEMORADO
996,Natty,Bengochea,30156.23,VI9553P,ExecutiveClass,DEMORADO
997,Haily,Meus,57154.39,UC3644A,EconomyClass,EN HORARIO
998,Twyla,Treat,35619.21,EE6839X,EconomyClass,DEMORADO
999,Jamie,Jonin,39382.4,WI0784U,FirstClass,EN HORARIO
1000,Rachael,Scougal,35465.85,HM8769L,EconomyClass,EN HORARIO

